region,patch,date.played,team.a,team.b,map,first.pick.team,map.pick.team,ban.1,ban.2,pick.1,pick.2,pick.3,pick.4,pick.5,ban.3,ban.4,pick.6,pick.7,pick.8,pick.9,pick.10,winner,loser,game.number
Europe,22.7,1/20/2017,Team Dignitas,Misfits,Towers of Doom,Misfits,Team Dignitas,Diablo,Tassadar,Ragnaros,Malfurion,Li-Ming,Zeratul,Jaina,Johanna,Dehaka,Varian,E.T.C.,Anub'arak,Rehgar,Abathur,Misfits,Team Dignitas,1
Europe,22.7,1/20/2017,Team Dignitas,Misfits,Tomb of the Spider Queen,Team Dignitas,Misfits,Tychus,Diablo,Malfurion,Tassadar,Ragnaros,Muradin,Li-Ming,Zarya,Tracer,Leoric,Valla,Thrall,Falstad,Rehgar,Misfits,Team Dignitas,2
Europe,22.7,1/20/2017,Team Dignitas,Misfits,Infernal Shrines,Misfits,Team Dignitas,Leoric,Tassadar,Ragnaros,Malfurion,Falstad,Zeratul,Diablo,Jaina,Tychus,Kerrigan,Stitches,Sylvanas,Rehgar,Medivh,Misfits,Team Dignitas,3
Europe,22.7,1/20/2017,Team Expert,Playing Ducks,Cursed Hollow,Team Expert,Playing Ducks,Tassadar,Ragnaros,Tychus,Artanis,Malfurion,Thrall,E.T.C.,Dehaka,Zeratul,Zarya,Diablo,Brightwing,Medivh,Falstad,Team Expert,Playing Ducks,4
Europe,22.7,1/20/2017,Team Expert,Playing Ducks,Towers of Doom,Playing Ducks,Team Expert,Ragnaros,Tassadar,Malfurion,E.T.C.,Medivh,Tychus,Dehaka,Diablo,Zeratul,Thrall,Jaina,Falstad,Stitches,Brightwing,Team Expert,Playing Ducks,5
Europe,22.7,1/20/2017,Team Expert,Playing Ducks,Dragon Shire,Playing Ducks,Team Expert,Medivh,Tassadar,Malfurion,Ragnaros,Rehgar,Tychus,Zarya,Johanna,Zeratul,Jaina,Muradin,Dehaka,Thrall,Xul,Team Expert,Playing Ducks,6
North America,22.7,1/20/2017,Tempo Storm,Naventic,Tomb of the Spider Queen,Naventic,Tempo Storm,Artanis,Zarya,Tychus,E.T.C.,Malfurion,Rehgar,Ragnaros,Johanna,Zeratul,Tyrael,Gul'dan,Thrall,Diablo,Greymane,Tempo Storm,Naventic,7
North America,22.7,1/20/2017,Tempo Storm,Naventic,Cursed Hollow,Naventic,Tempo Storm,Artanis,Dehaka,Malfurion,Zeratul,E.T.C.,Zarya,Li-Ming,Thrall,Tychus,Falstad,Kharazim,Medivh,Varian,Tracer,Tempo Storm,Naventic,8
North America,22.7,1/20/2017,Tempo Storm,Naventic,Battlefield of Eternity,Tempo Storm,Naventic,Diablo,Artanis,E.T.C.,Malfurion,Li-Ming,Tychus,Kharazim,Zeratul,Johanna,Tracer,Tassadar,Greymane,Tyrael,Varian,Naventic,Tempo Storm,9
North America,22.7,1/20/2017,Tempo Storm,Naventic,Infernal Shrines,Tempo Storm,Naventic,Diablo,E.T.C.,Kerrigan,Ragnaros,Malfurion,Zarya,Tyrael,Medivh,Tychus,Gul'dan,Valla,Li-Ming,Uther,Varian,Naventic,Tempo Storm,10
North America,22.7,1/20/2017,Tempo Storm,Naventic,Braxis Holdout,Tempo Storm,Naventic,Malfurion,Artanis,Zarya,Gul'dan,Lt. Morales,Valla,E.T.C.,Auriel,Tychus,Johanna,Sgt. Hammer,Brightwing,Leoric,Rexxar,Tempo Storm,Naventic,11
North America,22.7,1/20/2017,Team 8,No Tomorrow,Tomb of the Spider Queen,Team 8,No Tomorrow,Tychus,Artanis,Ragnaros,Malfurion,Zarya,Diablo,Gul'dan,Rehgar,Tassadar,E.T.C.,Valla,Medivh,Auriel,Thrall,Team 8,No Tomorrow,12
North America,22.7,1/20/2017,Team 8,No Tomorrow,Infernal Shrines,No Tomorrow,Team 8,Ragnaros,Artanis,Tychus,Medivh,Malfurion,E.T.C.,Gul'dan,Zarya,Kerrigan,Diablo,Sylvanas,Rehgar,Thrall,Nazeebo,Team 8,No Tomorrow,13
North America,22.7,1/20/2017,Team 8,No Tomorrow,Cursed Hollow,No Tomorrow,Team 8,Medivh,Artanis,Tychus,Malfurion,Ragnaros,Rehgar,Tyrael,Falstad,E.T.C.,Tassadar,Diablo,Illidan,Zarya,Tracer,Team 8,No Tomorrow,14
Europe,22.7,1/21/2017,beGenius,Synergy,Cursed Hollow,Synergy,beGenius,Zeratul,Artanis,Tassadar,Tychus,Ragnaros,Illidan,Rehgar,Valla,Arthas,Brightwing,E.T.C.,Li-Ming,Muradin,Li Li,Synergy,beGenius,15
Europe,22.7,1/21/2017,beGenius,Synergy,Dragon Shire,beGenius,Synergy,Artanis,Tassadar,Ragnaros,Diablo,Dehaka,Tychus,Malfurion,E.T.C.,Rehgar,Jaina,Zeratul,Johanna,Li-Ming,Uther,beGenius,Synergy,16
Europe,22.7,1/21/2017,beGenius,Synergy,Battlefield of Eternity,Synergy,beGenius,Ragnaros,Artanis,Tassadar,Li-Ming,Malfurion,Greymane,E.T.C.,Rehgar,Thrall,Falstad,Muradin,Brightwing,Tychus,Alarak,Synergy,beGenius,17
Europe,22.7,1/21/2017,beGenius,Synergy,Sky Temple,beGenius,Synergy,Artanis,Tassadar,Tychus,Ragnaros,Li-Ming,Malfurion,E.T.C.,Thrall,Zeratul,Johanna,Valla,Jaina,Anub'arak,Auriel,Synergy,beGenius,18
Europe,22.7,1/21/2017,Fnatic,Tricked eSports,Towers of Doom,Fnatic,Tricked eSports,Tassadar,Dehaka,Ragnaros,Abathur,Tyrael,E.T.C.,Falstad,Malfurion,Zeratul,Tychus,Rehgar,Brightwing,Li-Ming,Illidan,Fnatic,Tricked eSports,19
Europe,22.7,1/21/2017,Fnatic,Tricked eSports,Tomb of the Spider Queen,Tricked eSports,Fnatic,Malfurion,Tassadar,Ragnaros,Tychus,Rehgar,Gul'dan,Auriel,E.T.C.,Arthas,Johanna,Chromie,Greymane,Tyrael,Thrall,Fnatic,Tricked eSports,20
Europe,22.7,1/21/2017,Fnatic,Tricked eSports,Dragon Shire,Tricked eSports,Fnatic,Falstad,Tassadar,Dehaka,Malfurion,Muradin,Tychus,Zeratul,Diablo,Ragnaros,Jaina,Xul,Rehgar,E.T.C.,Azmodan,Tricked eSports,Fnatic,21
Europe,22.7,1/21/2017,Fnatic,Tricked eSports,Cursed Hollow,Fnatic,Tricked eSports,Tassadar,Dehaka,Ragnaros,Zeratul,Jaina,Tychus,Brightwing,E.T.C.,Malfurion,Diablo,Arthas,Muradin,Tyrael,Rehgar,Fnatic,Tricked eSports,22
North America,22.7,1/21/2017,Superstars,Team Freedom,Towers of Doom,Team Freedom,Superstars,Malfurion,Artanis,Ragnaros,Valla,Tassadar,Brightwing,Tychus,Zarya,Auriel,Rehgar,Tyrael,E.T.C.,Li-Ming,Dehaka,Superstars,Team Freedom,23
North America,22.7,1/21/2017,Superstars,Team Freedom,Sky Temple,Team Freedom,Superstars,Tassadar,Artanis,Ragnaros,Dehaka,Valla,Malfurion,Diablo,Tychus,Tyrael,Zarya,Muradin,Falstad,Zul'jin,Rehgar,Superstars,Team Freedom,24
North America,22.7,1/21/2017,Superstars,Team Freedom,Tomb of the Spider Queen,Team Freedom,Superstars,Tassadar,Zarya,Ragnaros,Artanis,Valla,Auriel,Gul'dan,Tychus,Malfurion,E.T.C.,Rehgar,Diablo,Tyrael,Thrall,Team Freedom,Superstars,25
North America,22.7,1/21/2017,Superstars,Team Freedom,Battlefield of Eternity,Superstars,Team Freedom,Greymane,Valla,Artanis,Li-Ming,Tychus,Malfurion,E.T.C.,Sylvanas,Diablo,Ragnaros,Johanna,Zul'jin,Nazeebo,Lt. Morales,Superstars,Team Freedom,26
North America,22.7,1/21/2017,Gale Force eSports,B Step,Battlefield of Eternity,Gale Force eSports,B Step,Artanis,Diablo,Tychus,Malfurion,Li-Ming,E.T.C.,Valla,Tassadar,Varian,Zarya,Muradin,Rehgar,Alarak,Ragnaros,B Step,Gale Force eSports,27
North America,22.7,1/21/2017,Gale Force eSports,B Step,Braxis Holdout,B Step,Gale Force eSports,Tassadar,Artanis,Zarya,Zul'jin,Lt. Morales,Valla,Auriel,Rexxar,Gul'dan,E.T.C.,Tychus,Varian,Dehaka,Ragnaros,Gale Force eSports,B Step,28
North America,22.7,1/21/2017,Gale Force eSports,B Step,Infernal Shrines,Gale Force eSports,B Step,Ragnaros,Kerrigan,Tychus,Artanis,Malfurion,Diablo,Zarya,Rehgar,Gul'dan,Greymane,E.T.C.,Kharazim,Illidan,Sylvanas,B Step,Gale Force eSports,29
North America,22.7,1/21/2017,Gale Force eSports,B Step,Towers of Doom,B Step,Gale Force eSports,Ragnaros,Malfurion,Artanis,Brightwing,Falstad,Zeratul,Li-Ming,Rehgar,Tychus,Valla,Tassadar,Kharazim,Muradin,Zarya,Gale Force eSports,B Step,30
North America,22.7,1/21/2017,Gale Force eSports,B Step,Sky Temple,Gale Force eSports,B Step,Malfurion,Artanis,Tassadar,Brightwing,Ragnaros,Zarya,Valla,Auriel,E.T.C.,Tyrael,Tychus,Rehgar,Muradin,Varian,Gale Force eSports,B Step,31
Europe,22.7,1/22/2017,Tricked eSports,Team Expert,Dragon Shire,Tricked eSports,Team Expert,E.T.C.,Tassadar,Dehaka,Rehgar,Muradin,Malfurion,Tychus,Zeratul,Medivh,Ragnaros,Jaina,Anub'arak,Artanis,Xul,Team Expert,Tricked eSports,32
Europe,22.7,1/22/2017,Tricked eSports,Team Expert,Sky Temple,Tricked eSports,Team Expert,E.T.C.,Tassadar,Dehaka,Ragnaros,Medivh,Zeratul,Jaina,Diablo,Tychus,Sylvanas,Brightwing,Muradin,Malfurion,Anub'arak,Team Expert,Tricked eSports,33
Europe,22.7,1/22/2017,Tricked eSports,Team Expert,Infernal Shrines,Tricked eSports,Team Expert,Tychus,Tassadar,Ragnaros,E.T.C.,Malfurion,Arthas,Valla,Rehgar,Jaina,Leoric,Falstad,Brightwing,Tyrael,Sylvanas,Team Expert,Tricked eSports,34
Europe,22.7,1/22/2017,Misfits,Fnatic,Tomb of the Spider Queen,Fnatic,Misfits,Tassadar,Ragnaros,Malfurion,Zarya,Gul'dan,Tychus,E.T.C.,Jaina,Johanna,Auriel,Thrall,Leoric,Chromie,Anub'arak,Fnatic,Misfits,35
Europe,22.7,1/22/2017,Misfits,Fnatic,Sky Temple,Misfits,Fnatic,Dehaka,Tassadar,Ragnaros,Brightwing,Falstad,Zeratul,Diablo,Jaina,E.T.C.,Tyrael,Tychus,Li-Ming,Malfurion,Muradin,Misfits,Fnatic,36
Europe,22.7,1/22/2017,Misfits,Fnatic,Infernal Shrines,Fnatic,Misfits,Ragnaros,Tassadar,Tychus,Malfurion,Diablo,E.T.C.,Rehgar,Leoric,Zeratul,Zarya,Sylvanas,Greymane,Tyrael,Illidan,Fnatic,Misfits,37
Europe,22.7,1/22/2017,Misfits,Fnatic,Dragon Shire,Misfits,Fnatic,E.T.C.,Tassadar,Dehaka,Muradin,Ragnaros,Zeratul,Malfurion,Jaina,Tychus,Li-Ming,Diablo,Leoric,Nazeebo,Brightwing,Misfits,Fnatic,38
Europe,22.7,1/22/2017,Misfits,Fnatic,Cursed Hollow,Fnatic,Misfits,Zeratul,E.T.C.,Ragnaros,Tassadar,Valla,Brightwing,Muradin,Falstad,Dehaka,Rehgar,Tyrael,Medivh,Tychus,Lunara,Misfits,Fnatic,39
North America,22.7,1/22/2017,B Step,Team 8,Cursed Hollow,B Step,Team 8,Medivh,Artanis,Tassadar,Malfurion,Zarya,Brightwing,Valla,Dehaka,Diablo,E.T.C.,Ragnaros,Leoric,Tyrael,Azmodan,B Step,Team 8,40
North America,22.7,1/22/2017,B Step,Team 8,Battlefield of Eternity,Team 8,B Step,Tychus,Tassadar,Artanis,Li-Ming,Malfurion,Diablo,Ragnaros,Rehgar,Zarya,Falstad,Zul'jin,Kharazim,Sylvanas,E.T.C.,Team 8,B Step,41
North America,22.7,1/22/2017,B Step,Team 8,Tomb of the Spider Queen,Team 8,B Step,Tychus,Medivh,Ragnaros,Malfurion,Artanis,Tassadar,Valla,Diablo,Gul'dan,Greymane,E.T.C.,Rehgar,Johanna,Sylvanas,Team 8,B Step,42
North America,22.7,1/22/2017,B Step,Team 8,Sky Temple,Team 8,B Step,Tassadar,Medivh,Ragnaros,Tychus,Artanis,Malfurion,Zarya,Valla,Diablo,Falstad,Leoric,Li-Ming,E.T.C.,Rehgar,Team 8,B Step,43
North America,22.7,1/22/2017,Naventic,Gale Force eSports,Battlefield of Eternity,Gale Force eSports,Naventic,Ragnaros,Artanis,Malfurion,E.T.C.,Li-Ming,Tassadar,Valla,Illidan,Lt. Morales,Tychus,Thrall,Muradin,Tracer,Rehgar,Gale Force eSports,Naventic,44
North America,22.7,1/22/2017,Naventic,Gale Force eSports,Braxis Holdout,Naventic,Gale Force eSports,Tassadar,Lt. Morales,Malfurion,Gul'dan,Zarya,E.T.C.,Tychus,Artanis,Brightwing,Valla,Auriel,Li-Ming,Ragnaros,Thrall,Gale Force eSports,Naventic,45
North America,22.7,1/22/2017,Naventic,Gale Force eSports,Towers of Doom,Naventic,Gale Force eSports,Tassadar,Malfurion,Zarya,Falstad,Brightwing,Rehgar,Li-Ming,E.T.C.,Diablo,Zeratul,Muradin,Varian,Ragnaros,Dehaka,Gale Force eSports,Naventic,46
Europe,22.7,1/27/2017,Team Dignitas,Synergy,Cursed Hollow,Team Dignitas,Synergy,Dehaka,Tassadar,Falstad,Artanis,Tychus,E.T.C.,Malfurion,Li-Ming,Rehgar,Muradin,Brightwing,Zeratul,Ragnaros,Medivh,Team Dignitas,Synergy,47
Europe,22.7,1/27/2017,Team Dignitas,Synergy,Towers of Doom,Synergy,Team Dignitas,Falstad,Tassadar,Ragnaros,Zeratul,Jaina,Anub'arak,Li-Ming,Tychus,Malfurion,Diablo,Rehgar,Muradin,Kharazim,Arthas,Team Dignitas,Synergy,48
Europe,22.7,1/27/2017,Team Dignitas,Synergy,Tomb of the Spider Queen,Synergy,Team Dignitas,Leoric,Tassadar,Ragnaros,E.T.C.,Tychus,Malfurion,Valla,Zarya,Rehgar,Medivh,Arthas,Johanna,Rexxar,Brightwing,Team Dignitas,Synergy,49
Europe,22.7,1/27/2017,Playing Ducks,beGenius,Dragon Shire,beGenius,Playing Ducks,Dehaka,Tassadar,Ragnaros,E.T.C.,Tychus,Malfurion,Valla,Johanna,Artanis,Rehgar,Xul,Muradin,Arthas,Leoric,Playing Ducks,beGenius,50
Europe,22.7,1/27/2017,Playing Ducks,beGenius,Towers of Doom,beGenius,Playing Ducks,Ragnaros,Tassadar,Tychus,Falstad,E.T.C.,Zeratul,Malfurion,Diablo,Varian,Jaina,Brightwing,Muradin,Anub'arak,Dehaka,Playing Ducks,beGenius,51
Europe,22.7,1/27/2017,Playing Ducks,beGenius,Infernal Shrines,Playing Ducks,beGenius,Ragnaros,Tassadar,Tychus,Malfurion,E.T.C.,Falstad,Dehaka,Diablo,Zeratul,Li-Ming,Thrall,Johanna,Rehgar,Xul,beGenius,Playing Ducks,52
Europe,22.7,1/27/2017,Playing Ducks,beGenius,Cursed Hollow,Playing Ducks,beGenius,Tyrae,Tassadar,E.T.C.,Tychus,Ragnaros,Valla,Malfurion,Zarya,Zeratul,Muradin,Rehgar,Medivh,Thrall,Diablo,Playing Ducks,beGenius,53
North America,22.7,1/27/2017,Tempo Storm,Team Freedom,Battlefield of Eternity,Tempo Storm,Team Freedom,Malfurion,Tassadar,Li-Ming,Artanis,E.T.C.,Illidan,Tyrael,Rehgar,Tychus,Brightwing,Ragnaros,Sylvanas,Kharazim,Tracer,Team Freedom,Tempo Storm,54
North America,22.7,1/27/2017,Tempo Storm,Team Freedom,Tomb of the Spider Queen,Team Freedom,Tempo Storm,Artanis,Ragnaros,Tassadar,Zarya,Malfurion,Diablo,Valla,Auriel,Tychus,Thrall,E.T.C.,Rehgar,Leoric,Gul'dan,Tempo Storm,Team Freedom,55
North America,22.7,1/27/2017,Tempo Storm,Team Freedom,Sky Temple,Team Freedom,Tempo Storm,Artanis,Ragnaros,Tassadar,Diablo,Malfurion,Valla,Tyrael,Tracer,Zarya,Li-Ming,Zeratul,Brightwing,Illidan,Falstad,Tempo Storm,Team Freedom,56
North America,22.7,1/27/2017,Tempo Storm,Team Freedom,Towers of Doom,Team Freedom,Tempo Storm,Zarya,Tassadar,Ragnaros,Artanis,Malfurion,Diablo,Tychus,Rehgar,E.T.C.,Li-Ming,Falstad,Kharazim,Zeratul,Johanna,Team Freedom,Tempo Storm,57
North America,22.7,1/27/2017,Tempo Storm,Team Freedom,Cursed Hollow,Tempo Storm,Team Freedom,Ragnaros,Tassadar,Zeratul,Malfurion,Artanis,Diablo,Tychus,Rehgar,E.T.C.,Li-Ming,Tyrael,Falstad,Kharazim,Thrall,Tempo Storm,Team Freedom,58
North America,22.7,1/27/2017,No Tomorrow,Superstars,Dragon Shire,Superstars,No Tomorrow,Ragnaros,Tassadar,Malfurion,Artanis,Tychus,E.T.C.,Dehaka,Falstad,Gul'dan,Li-Ming,Diablo,Zarya,Valla,Rehgar,No Tomorrow,Superstars,59
North America,22.7,1/27/2017,No Tomorrow,Superstars,Sky Temple,Superstars,No Tomorrow,Raynor,Tassadar,Artanis,Tychus,E.T.C.,Malfurion,Falstad,Diablo,Dehaka,Zeratul,Li-Ming,Johanna,Valla,Kharazim,Superstars,No Tomorrow,60
North America,22.7,1/27/2017,No Tomorrow,Superstars,Braxis Holdout,No Tomorrow,Superstars,Cho,Ragnaros,Artanis,Tassadar,Valla,Malfurion,Gul'dan,Zarya,Auriel,E.T.C.,Rexxar,Tychus,Diablo,Lt. Morales,Superstars,No Tomorrow,61
North America,22.7,1/27/2017,No Tomorrow,Superstars,Tomb of the Spider Queen,No Tomorrow,Superstars,Tassadar,Ragnaros,Gul'dan,Malfurion,Artanis,Rehgar,E.T.C.,Tychus,Diablo,Zarya,Valla,Tyrael,Greymane,Johanna,Superstars,No Tomorrow,62
Europe,22.7,1/28/2017,Team Dignitas,Tricked eSports,Infernal Shrines,Tricked eSports,Team Dignitas,Ragnaros,Tassadar,Tychus,E.T.C.,Malfurion,Rehgar,Tyrael,Illidan,Jaina,Arthas,Falstad,Dehaka,Artanis,Sylvanas,Team Dignitas,Tricked eSports,63
Europe,22.7,1/28/2017,Team Dignitas,Tricked eSports,Cursed Hollow,Team Dignitas,Tricked eSports,Tassadar,Ragnaros,E.T.C.,Tychus,Dehaka,Malfurion,Falstad,Arthas,Rehgar,Muradin,Zeratul,Thrall,Li-Ming,Uther,Team Dignitas,Tricked eSports,64
Europe,22.7,1/28/2017,Team Dignitas,Tricked eSports,Towers of Doom,Tricked eSports,Team Dignitas,Falstad,Tassadar,Ragnaros,E.T.C.,Tychus,Rehgar,Zeratul,Diablo,Malfurion,Jaina,Arthas,Tyrael,Valla,Brightwing,Team Dignitas,Tricked eSports,65
Europe,22.7,1/28/2017,Misfits,Playing Ducks,Tomb of the Spider Queen,Playing Ducks,Misfits,Ragnaros,Tassadar,Malfurion,Rehgar,Chromie,Johanna,Valla,Zarya,E.T.C.,Sylvanas,Muradin,Xul,Dehaka,Thrall,Playing Ducks,Misfits,66
Europe,22.7,1/28/2017,Misfits,Playing Ducks,Dragon Shire,Misfits,Playing Ducks,Falstad,Zeratul,Tassadar,Valla,Dehaka,Malfurion,Ragnaros,Tracer,Xul,Johanna,Tychus,Tyrael,Greymane,Lt. Morales,Misfits,Playing Ducks,67
Europe,22.7,1/28/2017,Misfits,Playing Ducks,Sky Temple,Playing Ducks,Misfits,Zeratul,Tassadar,Falstad,Malfurion,Dehaka,E.T.C.,Tychus,Brightwing,Muradin,Ragnaros,Tyrael,Leoric,Rehgar,Li-Ming,Misfits,Playing Ducks,68
Europe,22.7,1/28/2017,Misfits,Playing Ducks,Cursed Hollow,Playing Ducks,Misfits,Zeratul,Tassadar,E.T.C.,Dehaka,Malfurion,Valla,Medivh,Thrall,Tyrael,Ragnaros,Muradin,Arthas,Brightwing,Tychus,Misfits,Playing Ducks,69
North America,22.7,1/28/2017,Tempo Storm,B Step,Tomb of the Spider Queen,B Step,Tempo Storm,Artanis,Ragnaros,Tassadar,Zarya,Malfurion,E.T.C.,Valla,Auriel,Gul'dan,Tychus,Thrall,Leoric,Rehgar,Diablo,Tempo Storm,B Step,70
North America,22.7,1/28/2017,Tempo Storm,B Step,Cursed Hollow,B Step,Tempo Storm,Artanis,Tassadar,Ragnaros,Zeratul,Malfurion,Zarya,E.T.C.,Brightwing,Diablo,Tychus,Falstad,Greymane,Uther,Johanna,Tempo Storm,B Step,71
North America,22.7,1/28/2017,Tempo Storm,B Step,Towers of Doom,B Step,Tempo Storm,Artanis,Tassadar,Ragnaros,Malfurion,Zeratul,Brightwing,Diablo,Zarya,Tychus,Li-Ming,Falstad,Medivh,Chromie,Johanna,Tempo Storm,B Step,72
North America,22.7,1/28/2017,Naventic,No Tomorrow,Battlefield of Eternity,No Tomorrow,Naventic,Tassadar,Artanis,Ragnaros,Malfurion,E.T.C.,Li-Ming,Tychus,Diablo,Thrall,Valla,Tyrael,Rehgar,Johanna,Greymane,No Tomorrow,Naventic,73
North America,22.7,1/28/2017,Naventic,No Tomorrow,Tomb of the Spider Queen,No Tomorrow,Naventic,Tassadar,Malfurion,Ragnaros,Lt. Morales,Zarya,Artanis,Tychus,Rehgar,Valla,Zul'jin,E.T.C.,Kharazim,Varian,Thrall,No Tomorrow,Naventic,74
North America,22.7,1/28/2017,Naventic,No Tomorrow,Dragon Shire,Naventic,No Tomorrow,Ragnaros,Tassadar,Tychus,Artanis,Malfurion,E.T.C.,Rehgar,Dehaka,Falstad,Varian,Li-Ming,Jaina,Leoric,Valla,Naventic,No Tomorrow,75
North America,22.7,1/28/2017,Naventic,No Tomorrow,Infernal Shrines,No Tomorrow,Naventic,Tassadar,Ragnaros,Artanis,Malfurion,Kerrigan,Tychus,E.T.C.,Rehgar,Tyrael,Medivh,Valla,Kharazim,Zarya,Varian,Naventic,No Tomorrow,76
North America,22.7,1/28/2017,Naventic,No Tomorrow,Sky Temple,No Tomorrow,Naventic,E.T.C.,Malfurion,Ragnaros,Valla,Tassadar,Rehgar,Tychus,Diablo,Auriel,Brightwing,Varian,Johanna,Li-Ming,Tracer,Naventic,No Tomorrow,77
Europe,22.7,1/29/2017,Fnatic,Synergy,Tomb of the Spider Queen,Synergy,Fnatic,E.T.C.,Tassadar,Ragnaros,Malfurion,Tychus,Auriel,Valla,Zarya,Chromie,Johanna,Sylvanas,Muradin,Gul'dan,Thrall,Fnatic,Synergy,78
Europe,22.7,1/29/2017,Fnatic,Synergy,Sky Temple,Synergy,Fnatic,Falstad,Tassadar,Tychus,E.T.C.,Malfurion,Rehgar,Dehaka,Artanis,Thrall,Li-Ming,Tyrael,Illidan,Anub'arak,Tracer,Fnatic,Synergy,79
Europe,22.7,1/29/2017,Fnatic,Synergy,Cursed Hollow,Synergy,Fnatic,Falstad,Tassadar,Malfurion,Zeratul,Li-Ming,E.T.C.,Greymane,Dehaka,Diablo,Tyrael,Brightwing,The Lost Vikings,Sylvanas,Ragnaros,Fnatic,Synergy,80
Europe,22.7,1/29/2017,Team Expert,beGenius,Tomb of the Spider Queen,Team Expert,beGenius,Tassadar,Ragnaros,E.T.C.,Tychus,Malfurion,Zarya,Valla,Rehgar,Johanna,Xul,Muradin,Brightwing,Leoric,Falstad,Team Expert,beGenius,81
Europe,22.7,1/29/2017,Team Expert,beGenius,Infernal Shrines,Team Expert,beGenius,Xul,Ragnaros,Valla,Tychus,Tassadar,E.T.C.,Malfurion,Jaina,Muradin,Zarya,Kharazim,Illidan,Falstad,Arthas,Team Expert,beGenius,82
Europe,22.7,1/29/2017,Team Expert,beGenius,Battlefield of Eternity,Team Expert,beGenius,E.T.C.,Tassadar,Ragnaros,Li-Ming,Tyrael,Artanis,Malfurion,Tychus,Rehgar,Greymane,Kharazim,Anub'arak,Medivh,Falstad,Team Expert,beGenius,83
North America,22.7,1/29/2017,Gale Force eSports,Team Freedom,Towers of Doom,Team Freedom,Gale Force eSports,Zarya,Tassadar,Ragnaros,Brightwing,Falstad,Zeratul,Malfurion,Diablo,Dehaka,Muradin,Li-Ming,Tychus,E.T.C.,Illidan,Gale Force eSports,Team Freedom,84
North America,22.7,1/29/2017,Gale Force eSports,Team Freedom,Cursed Hollow,Team Freedom,Gale Force eSports,Zarya,Tassadar,Ragnaros,Brightwing,Zeratul,E.T.C.,Artanis,Malfurion,Falstad,Dehaka,Li-Ming,Rehgar,Tychus,Muradin,Team Freedom,Gale Force eSports,85
North America,22.7,1/29/2017,Gale Force eSports,Team Freedom,Battlefield of Eternity,Gale Force eSports,Team Freedom,Artanis,Tassadar,Malfurion,Li-Ming,E.T.C.,Diablo,Tychus,Zarya,Ragnaros,Tyrael,Valla,Illidan,Tracer,Brightwing,Gale Force eSports,Team Freedom,86
North America,22.7,1/29/2017,Gale Force eSports,Team Freedom,Warhead Junction,Team Freedom,Gale Force eSports,Zarya,Artanis,Tassadar,Ragnaros,The Lost Vikings,Dehaka,Valla,Tracer,Falstad,E.T.C.,Lt. Morales,Rehgar,Illidan,Zul'jin,Team Freedom,Gale Force eSports,87
North America,22.7,1/29/2017,Gale Force eSports,Team Freedom,Infernal Shrines,Gale Force eSports,Team Freedom,Diablo,Tassadar,Ragnaros,E.T.C.,Malfurion,Zarya,Gul'dan,Auriel,Artanis,Thrall,Tychus,Rehgar,Medivh,Nazeebo,Team Freedom,Gale Force eSports,88
North America,22.7,1/29/2017,Team 8,Superstars,Towers of Doom,Superstars,Team 8,Artanis,Ragnaros,Tassadar,Valla,Dehaka,Tracer,Malfurion,E.T.C.,Zarya,Tyrael,Rehgar,Tychus,Varian,Li Li,Team 8,Superstars,89
North America,22.7,1/29/2017,Team 8,Superstars,Infernal Shrines,Team 8,Superstars,Kerrigan,Artanis,Ragnaros,Tassadar,Valla,Zarya,Gul'dan,Lt. Morales,Dehaka,Malfurion,Diablo,E.T.C.,Rehgar,Medivh,Team 8,Superstars,90
North America,22.7,1/29/2017,Team 8,Superstars,Braxis Holdout,Team 8,Superstars,Ragnaros,Tassadar,Zarya,Valla,Artanis,Malfurion,Gul'dan,E.T.C.,Lt. Morales,Cho,Gall,Dehaka,Leoric,Auriel,Team 8,Superstars,91
Europe,22.7,2/3/2017,Playing Ducks,Tricked eSports,Infernal Shrines,Playing Ducks,TRICKED eSports,Tyrael,Tassadar,Ragnaros,E.T.C.,Jaina,Tychus,Medivh,Malfurion,Zeratul,Rehgar,Falstad,Johanna,Brightwing,Leoric,Tricked eSports,Playing Ducks,92
Europe,22.7,2/3/2017,Playing Ducks,Tricked eSports,Braxis Holdout,TRICKED eSports,Playing Ducks,Gul'dan,Ragnaros,E.T.C.,Valla,Malfurion,Dehaka,Jaina,Zeratul,Tassadar,Muradin,Zarya,Rehgar,Tychus,Artanis,Tricked eSports,Playing Ducks,93
Europe,22.7,2/3/2017,Playing Ducks,Tricked eSports,Battlefield of Eternity,Playing Ducks,TRICKED eSports,Ragnaros,Tassadar,E.T.C.,Artanis,Valla,Li-Ming,Malfurion,Tychus,Anub'arak,Cho,Gall,Leoric,Kharazim,Auriel,Playing Ducks,Tricked eSports,94
Europe,22.7,2/3/2017,Playing Ducks,Tricked eSports,Dragon Shire,TRICKED eSports,Playing Ducks,Tassadar,Zeratul,Dehaka,E.T.C.,Falstad,Malfurion,Jaina,Xul,Tychus,Ragnaros,Rehgar,Arthas,Muradin,Li-Ming,Playing Ducks,Tricked eSports,95
Europe,22.7,2/3/2017,Playing Ducks,Tricked eSports,Warhead Junction,TRICKED eSports,Playing Ducks,Tassadar,Zeratul,Dehaka,E.T.C.,Falstad,Ragnaros,Tychus,Anub'arak,Medivh,Li-Ming,Tyrael,Rehgar,Diablo,Brightwing,Playing Ducks,Tricked eSports,96
Europe,22.7,2/3/2017,beGenius,Fnatic,Tomb of the Spider Queen,beGenius,Fnatic,Ragnaros,Tassadar,Tychus,E.T.C.,Malfurion,Zarya,Xul,Rehgar,Chromie,Dehaka,Sylvanas,Kharazim,Leoric,Li-Ming,Fnatic,beGenius,97
Europe,22.7,2/3/2017,beGenius,Fnatic,Sky Temple,beGenius,Fnatic,Dehaka,Tassadar,Falstad,Malfurion,Zeratul,Varian,Brightwing,Diablo,E.T.C.,Tyrael,Ragnaros,Anub'arak,Ragnaros,Valla,Fnatic,beGenius,98
Europe,22.7,2/3/2017,beGenius,Fnatic,Infernal Shrines,Fnatic,beGenius,Tassadar,Ragnaros,Malfurion,E.T.C.,Tychus,Tyrael,Valla,Dehaka,Xul,Sylvanas,Kharazim,Greymane,Zarya,Arthas,Fnatic,beGenius,99
North America,22.7,2/3/2017,B Step,No Tomorrow,Battlefield of Eternity,No Tomorrow,B Step,Artanis,Tassadar,Ragnaros,Malfurion,Li-Ming,E.T.C.,Valla,Zarya,Sylvanas,Thrall,Varian,Medivh,Rehgar,Tychus,B Step,No Tomorrow,100
North America,22.7,2/3/2017,B Step,No Tomorrow,Dragon Shire,B Step,No Tomorrow,Arthas,Tassadar,Falstad,Malfurion,Ragnaros,Rehgar,Thrall,Varian,Zeratul,E.T.C.,Tychus,Diablo,Jaina,Dehaka,B Step,No Tomorrow,101
North America,22.7,2/3/2017,B Step,No Tomorrow,Infernal Shrines,No Tomorrow,B Step,Malfurion,Artanis,Tassadar,Diablo,Ragnaros,Valla,E.T.C.,Zarya,Gul'dan,Kharazim,Chromie,Auriel,Kerrigan,Tyrande,B Step,No Tomorrow,102
North America,22.7,2/3/2017,Superstars,Gale Force eSports,Towers of Doom,Superstars,Gale Force eSports,Artanis,Tassadar,Malfurion,Falstad,Zeratul,Tychus,Medivh,E.T.C.,The Lost Vikings,Dehaka,Brightwing,Tyrael,Varian,Li-Ming,Gale Force eSports,Superstars,103
North America,22.7,2/3/2017,Superstars,Gale Force eSports,Braxis Holdout,Superstars,Gale Force eSports,Zarya,Malfurion,Tassadar,Lt. Morales,Valla,Zul'jin,Rehgar,Dehaka,Medivh,Artanis,E.T.C.,Diablo,Thrall,Gul'dan,Gale Force eSports,Superstars,104
North America,22.7,2/3/2017,Superstars,Gale Force eSports,Cursed Hollow,Superstars,Gale Force eSports,Artanis,Tracer,Tassadar,Zarya,Valla,Brightwing,Tychus,Illidan,Medivh,Falstad,Diablo,Muradin,Zeratul,Malfurion,Gale Force eSports,Superstars,105
Europe,22.7,2/4/2017,Misfits,Synergy,Towers of Doom,Synergy,Misfits,Zeratul,Tassadar,Dehaka,Ragnaros,Malfurion,Tychus,E.T.C.,Rehgar,Zarya,Falstad,Li-Ming,Kharazim,Chromie,Muradin,Misfits,Synergy,106
Europe,22.7,2/4/2017,Misfits,Synergy,Dragon Shire,Misfits,Synergy,Rexxar,Ragnaros,Tassadar,Malfurion,Falstad,Dehaka,Valla,Rehgar,Varian,Jaina,E.T.C.,Muradin,Brightwing,Xul,Misfits,Synergy,107
Europe,22.7,2/4/2017,Misfits,Synergy,Sky Temple,Misfits,Synergy,Falstad,Zeratul,Tassadar,Malfurion,E.T.C.,Valla,Dehaka,Brightwing,Varian,Jaina,Zarya,Rehgar,Tyrael,The Lost Vikings,Misfits,Synergy,108
Europe,22.7,2/4/2017,Team Dignitas,Team Expert,Braxis Holdout,Team Dignitas,Team Expert,E.T.C.,Muradin,Tassadar,Valla,Varian,Dehaka,Malfurion,Sylvanas,Zarya,Medivh,Ragnaros,Tyrael,Gul'dan,Rehgar,Team Expert,Team Dignitas,109
Europe,22.7,2/4/2017,Team Dignitas,Team Expert,Infernal Shrines,Team Expert,Team Dignitas,E.T.C.,Tassadar,Malfurion,Rehgar,Ragnaros,Diablo,Medivh,Jaina,Tychus,Valla,Zarya,Nazeebo,Xul,Tyrael,Team Dignitas,Team Expert,110
Europe,22.7,2/4/2017,Team Dignitas,Team Expert,Dragon Shire,Team Dignitas,Team Expert,Medivh,E.T.C.,Tassadar,Ragnaros,Xul,Valla,Dehaka,Johanna,Jaina,Muradin,Rehgar,Varian,Malfurion,Nazeebo,Team Dignitas,Team Expert,111
Europe,22.7,2/4/2017,Team Dignitas,Team Expert,Battlefield of Eternity,Team Dignitas,Team Expert,Medivh,E.T.C.,Tassadar,Varian,Valla,Tyrael,Malfurion,Artanis,Li-Ming,Ragnaros,Zarya,Tracer,Jaina,Uther,Team Dignitas,Team Expert,112
North America,22.7,2/4/2017,Naventic,Team Freedom,Sky Temple,Team Freedom,Naventic,Malfurion,Tassadar,Ragnaros,Zeratul,E.T.C.,Tychus,Diablo,Rehgar,Falstad,Brightwing,Li-Ming,Kharazim,Thrall,Dehaka,Naventic,Team Freedom,113
North America,22.7,2/4/2017,Naventic,Team Freedom,Braxis Holdout,Team Freedom,Naventic,Malfurion,Zarya,Tassadar,Lt. Morales,Valla,Zul'jin,Auriel,Ragnaros,Gul'dan,Jaina,E.T.C.,Johanna,Artanis,Chen,Team Freedom,Naventic,114
North America,22.7,2/4/2017,Naventic,Team Freedom,Towers of Doom,Naventic,Team Freedom,Malfurion,Tassadar,Ragnaros,Tychus,E.T.C.,Zeratul,Brightwing,Valla,Artanis,Li-Ming,Rehgar,Varian,Tracer,Thrall,Team Freedom,Naventic,115
North America,22.7,2/4/2017,Naventic,Team Freedom,Tomb of the Spider Queen,Naventic,Team Freedom,Malfurion,Tassadar,Ragnaros,Tychus,E.T.C.,Varian,Valla,Medivh,Artanis,Gul'dan,Lt. Morales,Zarya,Auriel,Thrall,Team Freedom,Naventic,116
North America,22.7,2/4/2017,Tempo Storm,Team 8,Cursed Hollow,Tempo Storm,Team 8,Tassadar,Tracer,Zeratul,Ragnaros,Malfurion,Falstad,Diablo,Kharazim,E.T.C.,Zarya,Varian,Tychus,Rehgar,Medivh,Tempo Storm,Team 8,117
North America,22.7,2/4/2017,Tempo Storm,Team 8,Braxis Holdout,Team 8,Tempo Storm,Ragnaros,Zarya,Tassadar,Valla,Malfurion,Lt. Morales,Varian,Gul'dan,Artanis,E.T.C.,Brightwing,Dehaka,Zul'jin,Leoric,Team 8,Tempo Storm,118
North America,22.7,2/4/2017,Tempo Storm,Team 8,Battlefield of Eternity,Tempo Storm,Team 8,Malfurion,Tracer,Artanis,Tassadar,Ragnaros,Li-Ming,Valla,Diablo,Tychus,Varian,Kharazim,Rehgar,Johanna,Zeratul,Team 8,Tempo Storm,119
North America,22.7,2/4/2017,Tempo Storm,Team 8,Sky Temple,Tempo Storm,Team 8,Tassadar,Zeratul,Ragnaros,Zarya,Malfurion,Falstad,Diablo,Kharazim,Valla,Medivh,Tychus,Thrall,Rehgar,Varian,Tempo Storm,Team 8,120
North America,22.7,2/4/2017,Tempo Storm,Team 8,Towers of Doom,Team 8,Tempo Storm,Falstad,Tracer,Tassadar,Ragnaros,Valla,Varian,Malfurion,Tychus,Diablo,Zeratul,Rehgar,Illidan,Li-Ming,E.T.C.,Tempo Storm,Team 8,121
Europe,22.7,2/5/2017,Fnatic,Team Expert,Tomb of the Spider Queen,Team Expert,Fnatic,E.T.C.,Tassadar,Malfurion,Sylvanas,Rehgar,Leoric,Nazeebo,Xul,Johanna,Dehaka,Tyrael,Zeratul,Ragnaros,Greymane,Team Expert,Fnatic,122
Europe,22.7,2/5/2017,Fnatic,Team Expert,Braxis Holdout,Fnatic,Team Expert,Tassadar,E.T.C.,Malfurion,Valla,Ragnaros,Muradin,Falstad,Tychus,Medivh,Zarya,Arthas,Leoric,Chromie,Lt. Morales,Fnatic,Team Expert,123
Europe,22.7,2/5/2017,Fnatic,Team Expert,Dragon Shire,Fnatic,Team Expert,Tassadar,Falstad,Dehaka,Xul,Ragnaros,Jaina,Malfurion,E.T.C.,Muradin,Nazeebo,Rehgar,Greymane,Tyrael,Diablo,Team Expert,Fnatic,124
Europe,22.7,2/5/2017,Fnatic,Team Expert,Infernal Shrines,Fnatic,Team Expert,Tassadar,E.T.C.,Tychus,Sylvanas,Malfurion,Ragnaros,Rehgar,Muradin,Xul,Falstad,Diablo,Greymane,Tyrael,Arthas,Fnatic,Team Expert,125
Europe,22.7,2/5/2017,Fnatic,Team Expert,Towers of Doom,Fnatic,Team Expert,Tassadar,E.T.C.,Dehaka,Zeratul,Ragnaros,Falstad,Malfurion,Tyrael,Diablo,Medivh,Brightwing,Li-Ming,Varian,Anub'arak,Fnatic,Team Expert,126
Europe,22.7,2/5/2017,Tricked eSports,Synergy,Braxis Holdout,TRICKED eSports,Synergy,Tassadar,E.T.C.,Gul'dan,Tychus,Malfurion,Dehaka,Falstad,Tyrael,Rexxar,Muradin,Jaina,Johanna,Auriel,Anub'arak,Tricked eSports,Synergy,127
Europe,22.7,2/5/2017,Tricked eSports,Synergy,Towers of Doom,Synergy,TRICKED eSports,Zeratul,Tassadar,Falstad,Dehaka,Tychus,E.T.C.,Malfurion,Jaina,Ragnaros,Li-Ming,Varian,The Lost Vikings,Greymane,Brightwing,Synergy,Tricked eSports,128
Europe,22.7,2/5/2017,Tricked eSports,Synergy,Battlefield of Eternity,Synergy,TRICKED eSports,Zeratul,Tassadar,Malfurion,Artanis,E.T.C.,Li-Ming,Arthas,Tychus,Jaina,Ragnaros,Valla,Falstad,Johanna,Rehgar,Tricked eSports,Synergy,129
Europe,22.7,2/5/2017,Tricked eSports,Synergy,Sky Temple,TRICKED eSports,Synergy,Tassadar,Zeratul,Falstad,Dehaka,Malfurion,Muradin,Jaina,Rehgar,Tychus,E.T.C.,Zarya,Brightwing,Ragnaros,Valla,Tricked eSports,Synergy,130
North America,22.7,2/5/2017,Gale Force eSports,Team 8,Towers of Doom,Team 8,Gale Force eSports,Dehaka,Tassadar,Zeratul,Brightwing,Falstad,Ragnaros,Li-Ming,Malfurion,Diablo,Muradin,Tychus,Kharazim,E.T.C.,Illidan,Team 8,Gale Force eSports,131
North America,22.7,2/5/2017,Gale Force eSports,Team 8,Battlefield of Eternity,Gale Force eSports,Team 8,Artanis,Tracer,Tassadar,Valla,Ragnaros,Malfurion,Zeratul,Diablo,Kharazim,Rehgar,Varian,E.T.C.,Li-Ming,Medivh,Gale Force eSports,Team 8,132
North America,22.7,2/5/2017,Gale Force eSports,Team 8,Braxis Holdout,Team 8,Gale Force eSports,Ragnaros,Zarya,Tassadar,Valla,Lt. Morales,Malfurion,Varian,Zul'jin,Diablo,Artanis,Gul'dan,Greymane,Falstad,E.T.C.,Team 8,Gale Force eSports,133
North America,22.7,2/5/2017,Gale Force eSports,Team 8,Tomb of the Spider Queen,Gale Force eSports,Team 8,Malfurion,Lt. Morales,Tassadar,Gul'dan,Ragnaros,Rehgar,Valla,Johanna,Auriel,Tychus,Kharazim,Tyrael,E.T.C.,Varian,Gale Force eSports,Team 8,134
North America,22.7,2/5/2017,Gale Force eSports,Team 8,Cursed Hollow,Team 8,Gale Force eSports,Dehaka,Tracer,Zeratul,Valla,Tassadar,Falstad,Ragnaros,Kharazim,Brightwing,Diablo,Malfurion,Rehgar,E.T.C.,Li-Ming,Team 8,Gale Force eSports,135
North America,22.7,2/5/2017,Team Freedom,B Step,Towers of Doom,B Step,Team Freedom,Tassadar,Ragnaros,Zeratul,Tychus,Malfurion,Falstad,Varian,Jaina,Diablo,E.T.C.,Li-Ming,Kharazim,Tyrande,Thrall,B Step,Team Freedom,136
North America,22.7,2/5/2017,Team Freedom,B Step,Sky Temple,Team Freedom,B Step,Varian,Tassadar,Ragnaros,Malfurion,Zeratul,Diablo,Tychus,Thrall,E.T.C.,Falstad,Muradin,Li-Ming,Rehgar,Tyrande,B Step,Team Freedom,137
North America,22.7,2/5/2017,Team Freedom,B Step,Battlefield of Eternity,Team Freedom,B Step,Malfurion,Artanis,Tassadar,Valla,Varian,Tracer,E.T.C.,Ragnaros,Tyrande,Li-Ming,Thrall,Kharazim,Greymane,Uther,Team Freedom,B Step,138
North America,22.7,2/5/2017,Team Freedom,B Step,Tomb of the Spider Queen,Team Freedom,B Step,Malfurion,Tassadar,Ragnaros,Rehgar,Diablo,Tychus,Gul'dan,Lt. Morales,Chromie,Thrall,Sylvanas,Auriel,Johanna,Jaina,B Step,Team Freedom,139
Europe,23.3,2/10/2017,Team Dignitas,Playing Ducks,Towers of Doom,Playing Ducks,Team Dignitas,Zeratul,Tassadar,E.T.C.,Tyrael,Malfurion,Tychus,Medivh,Arthas,Abathur,Jaina,Ragnaros,Anub'arak,Brightwing,Tracer,Team Dignitas,Playing Ducks,140
Europe,23.3,2/10/2017,Team Dignitas,Playing Ducks,Tomb of the Spider Queen,Team Dignitas,Playing Ducks,Xul,Tassadar,Malfurion,E.T.C.,Rehgar,Ragnaros,Tychus,Johanna,Medivh,Thrall,Valla,Varian,Jaina,Chromie,Playing Ducks,Team Dignitas,141
Europe,23.3,2/10/2017,Team Dignitas,Playing Ducks,Braxis Holdout,Team Dignitas,Playing Ducks,Falstad,E.T.C.,Tassadar,Malfurion,Valla,Ragnaros,Rehgar,Sgt. Hammer,Dehaka,Varian,Zarya,Tyrael,Zul'jin,Sonya,Team Dignitas,Playing Ducks,142
Europe,23.3,2/10/2017,Team Dignitas,Playing Ducks,Battlefield of Eternity,Playing Ducks,Team Dignitas,Zeratul,Tassadar,Malfurion,E.T.C.,Rehgar,Varian,Valla,Zarya,Jaina,Li-Ming,Arthas,Anub'arak,Tychus,Greymane,Team Dignitas,Playing Ducks,143
Europe,23.3,2/10/2017,Misfits,beGenius,Infernal Shrines,Misfits,beGenius,Tassadar,Ragnaros,Tychus,E.T.C.,Malfurion,Rehgar,Tyrael,Sonya,Sylvanas,Varian,Valla,Greymane,Diablo,Li-Ming,Misfits,beGenius,144
Europe,23.3,2/10/2017,Misfits,beGenius,Towers of Doom,beGenius,Misfits,Ragnaros,Tassadar,Tychus,Malfurion,Zeratul,E.T.C.,Rehgar,Zarya,Falstad,Dehaka,Varian,Tyrande,Thrall,Li-Ming,Misfits,beGenius,145
Europe,23.3,2/10/2017,Misfits,beGenius,Sky Temple,beGenius,Misfits,Ragnaros,Tassadar,E.T.C.,Falstad,Malfurion,Dehaka,Tychus,Rehgar,Varian,Muradin,Li-Ming,Kharazim,Anub'arak,Sonya,Misfits,beGenius,146
Europe,23.3,2/11/2017,beGenius,TRICKED eSports,Dragon Shire,beGenius,TRICKED eSports,Dehaka,Tassadar,Tychus,E.T.C.,Malfurion,Johanna,Xul,Rehgar,Jaina,Falstad,Valla,Kharazim,Leoric,Sonya,Tricked eSports,beGenius,147
Europe,23.3,2/11/2017,beGenius,TRICKED eSports,Infernal Shrines,beGenius,TRICKED eSports,E.T.C.,Tassadar,Tychus,Malfurion,Ragnaros,Rehgar,Tyrael,Greymane,Valla,Falstad,Johanna,Li-Ming,Sonya,Jaina,Tricked eSports,beGenius,148
Europe,23.3,2/11/2017,beGenius,TRICKED eSports,Cursed Hollow,beGenius,TRICKED eSports,Dehaka,Tassadar,Zeratul,E.T.C.,Tychus,Malfurion,Falstad,Jaina,Brightwing,Ragnaros,Tyrael,Anub'arak,Li-Ming,Rehgar,Tricked eSports,beGenius,149
North America,23.3,2/10/2017,Tempo Storm,No Tomorrow,Cursed Hollow,No Tomorrow,Tempo Storm,Zeratul,Tassadar,Malfurion,Falstad,E.T.C.,Li-Ming,Thrall,Diablo,Zarya,Kharazim,Tychus,Muradin,Valla,Valeera,Tempo Storm,No Tomorrow,150
North America,23.3,2/10/2017,Tempo Storm,No Tomorrow,Dragon Shire,Tempo Storm,No Tomorrow,Ragnaros,Tassadar,Malfurion,E.T.C.,Falstad,Zeratul,Tychus,Diablo,Rehgar,Kharazim,Li-Ming,Varian,Dehaka,Artanis,Tempo Storm,No Tomorrow,151
North America,23.3,2/10/2017,Tempo Storm,No Tomorrow,Towers of Doom,No Tomorrow,Tempo Storm,Valeera,Tassadar,Zeratul,Ragnaros,Malfurion,E.T.C.,Tychus,Rehgar,Varian,Falstad,Li-Ming,Kharazim,Jaina,Johanna,Tempo Storm,No Tomorrow,152
North America,23.3,2/10/2017,Naventic,Superstars,Towers of Doom,Naventic,Superstars,Malfurion,Tassadar,Zeratul,Rehgar,Tychus,Varian,Falstad,Brightwing,Dehaka,Medivh,Ragnaros,Li-Ming,Kharazim,E.T.C.,Superstars,Naventic,153
North America,23.3,2/10/2017,Naventic,Superstars,Braxis Holdout,Naventic,Superstars,Zarya,Tassadar,Valla,Lt. Morales,Varian,Malfurion,Gul'dan,E.T.C.,Sonya,Lunara,Rexxar,Artanis,Muradin,Medivh,Superstars,Naventic,154
North America,23.3,2/10/2017,Naventic,Superstars,Tomb of the Spider Queen,Naventic,Superstars,Medivh,Gul'dan,Tassadar,Valla,Ragnaros,Varian,Sonya,Rehgar,Malfurion,Lt. Morales,Zarya,Kharazim,Tychus,Johanna,Superstars,Naventic,155
Europe,23.3,2/11/2017,Team Expert,Misfits,Infernal Shrines,Team Expert,Misfits,Sonya,Ragnaros,Malfurion,Tychus,Rehgar,E.T.C.,Jaina,Zarya,Varian,Tassadar,Tyrael,Sgt. Hammer,Illidan,Tracer,Misfits,Team Expert,156
Europe,23.3,2/11/2017,Team Expert,Misfits,Sky Temple,Team Expert,Misfits,Dehaka,Tassadar,Malfurion,Tychus,Varian,Johanna,Thrall,Zarya,Zeratul,Rehgar,Ragnaros,Jaina,Medivh,Falstad,Misfits,Team Expert,157
Europe,23.3,2/11/2017,Team Expert,Misfits,Dragon Shire,Misfits,Team Expert,Tassadar,Dehaka,Malfurion,Falstad,Medivh,Xul,Varian,Tychus,E.T.C.,Rehgar,Anub'arak,Nazeebo,Ragnaros,The Butcher,Misfits,Team Expert,158
North America,23.3,2/11/2017,Superstars,B Step,Dragon Shire,Superstars,B Step,Malfurion,Tassadar,Ragnaros,Zeratul,Falstad,Rehgar,Medivh,Tychus,Diablo,Jaina,Varian,Johanna,Valeera,Kharazim,Superstars,B Step,159
North America,23.3,2/11/2017,Superstars,B Step,Towers of Doom,B Step,Superstars,Medivh,Tassadar,Zeratul,Varian,Malfurion,Diablo,Falstad,Jaina,Dehaka,Zarya,Tychus,Tyrande,Kharazim,Valeera,Superstars,B Step,160
North America,23.3,2/11/2017,Superstars,B Step,Tomb of the Spider Queen,B Step,Superstars,Tassadar,Malfurion,Ragnaros,Rehgar,Gul'dan,Diablo,Tychus,Jaina,Zarya,Varian,Thrall,Lt. Morales,Kael'thas,Medivh,B Step,Superstars,161
North America,23.3,2/11/2017,Superstars,B Step,Sky Temple,Superstars,B Step,Ragnaros,Tassadar,Zeratul,Malfurion,Tychus,Falstad,Rehgar,Varian,Dehaka,Diablo,Li-Ming,E.T.C.,Medivh,Valeera,B Step,Superstars,162
North America,23.3,2/11/2017,Superstars,B Step,Battlefield of Eternity,Superstars,B Step,Ragnaros,Tassadar,Malfurion,Tychus,Li-Ming,E.T.C.,Valla,Artanis,Varian,Kharazim,Muradin,Tyrande,Alarak,Medivh,B Step,Superstars,163
North America,23.3,2/11/2017,Team 8,Naventic,Braxis Holdout,Naventic,Team 8,Tassadar,Zarya,Lt. Morales,Varian,Valla,Tychus,Gul'dan,E.T.C.,Medivh,Ragnaros,Malfurion,Johanna,Artanis,Zeratul,Team 8,Naventic,164
North America,23.3,2/11/2017,Team 8,Naventic,Infernal Shrines,Naventic,Team 8,Sonya,Tassadar,Ragnaros,Zeratul,Falstad,Varian,Medivh,Sylvanas,Diablo,Tychus,Malfurion,Kharazim,Greymane,E.T.C.,Team 8,Naventic,165
North America,23.3,2/11/2017,Team 8,Naventic,Battlefield of Eternity,Naventic,Team 8,Ragnaros,Tassadar,Zeratul,Varian,Li-Ming,E.T.C.,Malfurion,Sylvanas,Lt. Morales,Kharazim,Tychus,Tyrande,Valla,Medivh,Team 8,Naventic,166
Europe,23.3,2/12/2017,Team Dignitas,Fnatic,Sky Temple,Team Dignitas,Fnatic,E.T.C.,Tassadar,Malfurion,Varian,Falstad,Tyrael,Dehaka,Ragnaros,Li-Ming,Zeratul,Brightwing,Tracer,Gul'dan,Sgt. Hammer,Fnatic,Team Dignitas,167
Europe,23.3,2/12/2017,Team Dignitas,Fnatic,Cursed Hollow,Team Dignitas,Fnatic,Dehaka,Tassadar,Falstad,Varian,Malfurion,E.T.C.,Rehgar,Ragnaros,Li-Ming,Chromie,Tyrael,Tychus,Thrall,Sgt. Hammer,Fnatic,Team Dignitas,168
Europe,23.3,2/12/2017,Team Dignitas,Fnatic,Braxis Holdout,Team Dignitas,Fnatic,Falstad,Tassadar,Sylvanas,Tychus,Malfurion,Ragnaros,Sgt. Hammer,Lt. Morales,Chromie,E.T.C.,Jaina,Tyrael,Uther,Zeratul,Team Dignitas,Fnatic,169
Europe,23.3,2/12/2017,Team Dignitas,Fnatic,Infernal Shrines,Fnatic,Team Dignitas,Tassadar,Ragnaros,Malfurion,Rehgar,Tychus,Greymane,E.T.C.,Chromie,Arthas,Tyrael,Sylvanas,Valla,Dehaka,Kerrigan,Team Dignitas,Fnatic,170
Europe,23.3,2/12/2017,Team Dignitas,Fnatic,Dragon Shire,Fnatic,Team Dignitas,Tassadar,Xul,Dehaka,Jaina,Malfurion,Falstad,Muradin,Tychus,Zeratul,Tyrael,Sgt. Hammer,Chromie,Kharazim,Ragnaros,Fnatic,Team Dignitas,171
Europe,23.3,2/12/2017,Playing Ducks,Synergy,Dragon Shire,Synergy,Playing Ducks,Xul,Tassadar,Falstad,E.T.C.,Malfurion,Dehaka,Sgt. Hammer,Johanna,Chromie,Tychus,Ragnaros,Brightwing,Varian,Li-Ming,Synergy,Playing Ducks,172
Europe,23.3,2/12/2017,Playing Ducks,Synergy,Braxis Holdout,Playing Ducks,Synergy,Zarya,Falstad,Tassadar,Sgt. Hammer,Varian,Valla,Malfurion,E.T.C.,Lt. Morales,Chromie,Brightwing,Muradin,Rexxar,Chen,Playing Ducks,Synergy,173
Europe,23.3,2/12/2017,Playing Ducks,Synergy,Tomb of the Spider Queen,Synergy,Playing Ducks,Xul,Tassadar,Malfurion,Johanna,Rehgar,Valla,Zarya,E.T.C.,Chromie,Ragnaros,Falstad,Leoric,Rexxar,Gul'dan,Playing Ducks,Synergy,174
Europe,23.3,2/12/2017,Playing Ducks,Synergy,Towers of Doom,Synergy,Playing Ducks,Dehaka,Tassadar,Falstad,E.T.C.,Malfurion,Artanis,Ragnaros,Tyrael,Jaina,Medivh,Valla,Varian,Kharazim,Leoric,Playing Ducks,Synergy,175
North America,23.3,2/12/2017,Tempo Storm,Gale Force eSports,Braxis Holdout,Tempo Storm,Gale Force eSports,Malfurion,Zarya,Valla,Tassadar,Lt. Morales,Auriel,Varian,Li-Ming,Zul'jin,E.T.C.,Gul'dan,Artanis,Tychus,Dehaka,Gale Force eSports,Tempo Storm,176
North America,23.3,2/12/2017,Tempo Storm,Gale Force eSports,Cursed Hollow,Tempo Storm,Gale Force eSports,Brightwing,Tassadar,Falstad,Dehaka,E.T.C.,Malfurion,Zeratul,Li-Ming,Kharazim,Rehgar,Zarya,Ragnaros,Diablo,Sgt. Hammer,Gale Force eSports,Tempo Storm,177
North America,23.3,2/12/2017,Tempo Storm,Gale Force eSports,Battlefield of Eternity,Tempo Storm,Gale Force eSports,Ragnaros,Tassadar,Malfurion,Zeratul,Li-Ming,E.T.C.,Tychus,Artanis,Diablo,Rehgar,Falstad,Illidan,Kharazim,Varian,Gale Force eSports,Tempo Storm,178
North America,23.3,2/12/2017,Team Freedom,No Tomorrow,Sky Temple,Team Freedom,No Tomorrow,Varian,Tassadar,Zeratul,Malfurion,Ragnaros,E.T.C.,Falstad,Brightwing,Li-Ming,Johanna,Tychus,Rehgar,Valla,Zarya,No Tomorrow,Team Freedom,179
North America,23.3,2/12/2017,Team Freedom,No Tomorrow,Braxis Holdout,Team Freedom,No Tomorrow,Malfurion,Varian,Valla,Lt. Morales,Tassadar,Auriel,Zarya,Medivh,Zul'jin,E.T.C.,Sgt. Hammer,Artanis,Johanna,Sonya,Team Freedom,No Tomorrow,180
North America,23.3,2/12/2017,Team Freedom,No Tomorrow,Battlefield of Eternity,No Tomorrow,Team Freedom,E.T.C.,Tassadar,Ragnaros,Li-Ming,Varian,Malfurion,Diablo,Zeratul,Kharazim,Tychus,Artanis,Falstad,Valla,Rehgar,No Tomorrow,Team Freedom,181
North America,23.3,2/12/2017,Team Freedom,No Tomorrow,Tomb of the Spider Queen,Team Freedom,No Tomorrow,Ragnaros,Tassadar,Malfurion,Varian,Tychus,Gul'dan,Zarya,E.T.C.,Jaina,Li-Ming,Rehgar,Diablo,Sonya,Leoric,No Tomorrow,Team Freedom,182
Europe,23.3,2/17/2017,Fnatic,Playing Ducks,Tomb of the Spider Queen,Fnatic,Playing Ducks,Tassadar,Ragnaros,Malfurion,Johanna,Rehgar,Chromie,E.T.C.,Tychus,Xul,Valla,Zarya,Sylvanas,Leoric,Dehaka,Fnatic,Playing Ducks,183
Europe,23.3,2/17/2017,Fnatic,Playing Ducks,Cursed Hollow,Playing Ducks,Fnatic,Zeratul,Tassadar,E.T.C.,Falstad,Malfurion,Medivh,Dehaka,Valla,Tyrael,Li-Ming,Varian,Jaina,Brightwing,Anub'arak,Fnatic,Playing Ducks,184
Europe,23.3,2/17/2017,Fnatic,Playing Ducks,Towers of Doom,Playing Ducks,Fnatic,Zeratul,Tassadar,E.T.C.,Falstad,Malfurion,Medivh,Dehaka,Valla,Li-Ming,Varian,Sgt. Hammer,Tychus,Brightwing,Zarya,Playing Ducks,Fnatic,185
Europe,23.3,2/17/2017,Fnatic,Playing Ducks,Braxis Holdout,Fnatic,Playing Ducks,Tassadar,Dehaka,Malfurion,E.T.C.,Falstad,Muradin,Sylvanas,Chromie,Zarya,Gul'dan,Auriel,Jaina,Zeratul,Samuro,Fnatic,Playing Ducks,186
Europe,23.3,2/17/2017,TRICKED eSports,Misfits,Infernal Shrines,Misfits,TRICKED eSports,Tychus,Tassadar,Ragnaros,Malfurion,Jaina,Tyrael,Rehgar,Greymane,Diablo,Falstad,Sonya,Gul'dan,Valla,Muradin,Misfits,Tricked eSports,187
Europe,23.3,2/17/2017,TRICKED eSports,Misfits,Towers of Doom,TRICKED eSports,Misfits,Malfurion,Tassadar,Rehgar,Ragnaros,Falstad,Tyrael,Valla,Abathur,Brightwing,Varian,Kharazim,E.T.C.,Tychus,Nazeebo,Misfits,Tricked eSports,188
Europe,23.3,2/17/2017,TRICKED eSports,Misfits,Sky Temple,TRICKED eSports,Misfits,Falstad,Tassadar,Dehaka,Malfurion,Zeratul,E.T.C.,Tychus,Rehgar,Ragnaros,Li-Ming,Muradin,Tyrande,Arthas,Tracer,Tricked eSports,Misfits,189
Europe,23.3,2/17/2017,TRICKED eSports,Misfits,Dragon Shire,Misfits,TRICKED eSports,Tassadar,Falstad,Malfurion,Tychus,Dehaka,Ragnaros,Xul,Jaina,Arthas,Leoric,Muradin,Tyrael,Nazeebo,Tyrande,Tricked eSports,Misfits,190
Europe,23.3,2/17/2017,TRICKED eSports,Misfits,Warhead Junction,Misfits,TRICKED eSports,Dehaka,Tassadar,Falstad,Tychus,Zeratul,Varian,Rehgar,Li-Ming,Jaina,Arthas,Ragnaros,The Lost Vikings,Nazeebo,Brightwing,Misfits,Tricked eSports,191
North America,23.3,2/17/2017,No Tomorrow,Gale Force eSports,Sky Temple,Gale Force eSports,No Tomorrow,Malfurion,Tassadar,Zeratul,Varian,Ragnaros,Rehgar,Li-Ming,E.T.C.,Tychus,Kharazim,Falstad,Johanna,Abathur,Dehaka,Gale Force eSports,No Tomorrow,192
North America,23.3,2/17/2017,No Tomorrow,Gale Force eSports,Braxis Holdout,No Tomorrow,Gale Force eSports,Lt. Morales,Zarya,Malfurion,Tassadar,Valla,Johanna,Ragnaros,Gul'dan,Sonya,Thrall,E.T.C.,Sylvanas,Jaina,Rehgar,Gale Force eSports,No Tomorrow,193
North America,23.3,2/17/2017,No Tomorrow,Gale Force eSports,Battlefield of Eternity,No Tomorrow,Gale Force eSports,Li-Ming,Tassadar,Malfurion,Zeratul,E.T.C.,Varian,Valla,Ragnaros,Rehgar,Lunara,Tychus,Falstad,Artanis,Kharazim,Gale Force eSports,No Tomorrow,194
North America,23.3,2/17/2017,B Step,Naventic,Cursed Hollow,Naventic,B Step,Zeratul,Tassadar,Falstad,Malfurion,Dehaka,Varian,Ragnaros,Kharazim,Valeera,Sgt. Hammer,Zarya,Li-Ming,Brightwing,Tyrael,B Step,Naventic,195
North America,23.3,2/17/2017,B Step,Naventic,Battlefield of Eternity,B Step,Naventic,Artanis,Tassadar,Li-Ming,Malfurion,Sgt. Hammer,Kharazim,Diablo,Medivh,Zarya,Varian,Tyrande,Valla,Lt. Morales,Illidan,Naventic,B Step,196
North America,23.3,2/17/2017,B Step,Naventic,Tomb of the Spider Queen,Naventic,B Step,Zeratul,Tassadar,Ragnaros,Tychus,Malfurion,Varian,Gul'dan,Lt. Morales,E.T.C.,Diablo,Thrall,Falstad,Rehgar,Nazeebo,B Step,Naventic,197
North America,23.3,2/17/2017,B Step,Naventic,Infernal Shrines,Naventic,B Step,Ragnaros,Tassadar,Kerrigan,Diablo,Medivh,Gul'dan,Malfurion,Tyrael,Zeratul,Tychus,Kharazim,Varian,Sylvanas,Chromie,Naventic,B Step,198
North America,23.3,2/17/2017,B Step,Naventic,Dragon Shire,B Step,Naventic,Zarya,Falstad,Malfurion,Valla,Tassadar,Varian,Ragnaros,Sgt. Hammer,Dehaka,Brightwing,E.T.C.,Jaina,Xul,Thrall,B Step,Naventic,199
Europe,23.3,2/18/2017,Team Dignitas,BeGenius,Sky Temple,Team Dignitas,BeGenius,E.T.C.,Tassadar,Malfurion,Dehaka,Varian,Tyrael,Falstad,Valla,Tychus,Rehgar,Li-Ming,Nazeebo,Arthas,Sgt. Hammer,Team Dignitas,beGenius,200
Europe,23.3,2/18/2017,Team Dignitas,BeGenius,Infernal Shrines,BeGenius,Team Dignitas,Malfurion,Tassadar,Tychus,E.T.C.,Rehgar,Ragnaros,Kharazim,Varian,Medivh,Arthas,Sylvanas,Muradin,Falstad,Jaina,Team Dignitas,beGenius,201
Europe,23.3,2/18/2017,Team Dignitas,BeGenius,Tomb of the Spider Queen,Team Dignitas,BeGenius,Tassadar,Malfurion,Xul,Gul'dan,Johanna,Jaina,Rehgar,E.T.C.,Lt. Morales,Brightwing,Ragnaros,Nazeebo,Muradin,Greymane,Team Dignitas,beGenius,202
Europe,23.3,2/18/2017,Synergy,Team Expert,Braxis Holdout,Team Expert,Synergy,Rexxar,Medivh,Varian,Sgt. Hammer,Zarya,Jaina,Malfurion,Dehaka,Tassadar,Johanna,Lt. Morales,Ragnaros,Tychus,Artanis,Team Expert,Synergy,203
Europe,23.3,2/18/2017,Synergy,Team Expert,Dragon Shire,Team Expert,Synergy,Dehaka,Medivh,Zarya,Muradin,E.T.C.,Ragnaros,Malfurion,Varian,Tyrande,Nazeebo,Sgt. Hammer,Tychus,Stitches,Brightwing,Team Expert,Synergy,204
Europe,23.3,2/18/2017,Synergy,Team Expert,Sky Temple,Team Expert,Synergy,The Lost Vikings,Medivh,Varian,Ragnaros,Falstad,Sgt. Hammer,Zarya,Malfurion,Chromie,Li-Ming,Kharazim,Dehaka,Brightwing,Muradin,Team Expert,Synergy,205
North America,23.3,2/18/2017,Tempo Storm,Superstars,Towers of Doom,Tempo Storm,Superstars,Medivh,Tassadar,Zeratul,Tychus,Dehaka,Falstad,Li-Ming,Diablo,Zarya,E.T.C.,Malfurion,Johanna,Rehgar,Tracer,Tempo Storm,Superstars,206
North America,23.3,2/18/2017,Tempo Storm,Superstars,Braxis Holdout,Tempo Storm,Superstars,Varian,Tassadar,Zarya,Lt. Morales,Valla,E.T.C.,Malfurion,Gul'dan,Medivh,Johanna,Rexxar,Illidan,Tychus,Brightwing,Tempo Storm,Superstars,207
North America,23.3,2/18/2017,Tempo Storm,Superstars,Dragon Shire,Superstars,Tempo Storm,Dehaka,Tassadar,Zeratul,E.T.C.,Malfurion,Falstad,Rehgar,Zarya,Tychus,Ragnaros,Li-Ming,Johanna,Jaina,Valeera,Tempo Storm,Superstars,208
North America,23.3,2/18/2017,Team Freedom,Team 8,Battlefield of Eternity,Team 8,Team Freedom,Li-Ming,Tassadar,Ragnaros,Malfurion,Varian,Tychus,Zeratul,Kharazim,Zarya,Valla,Artanis,Rehgar,Arthas,Valeera,Team 8,Team Freedom,209
North America,23.3,2/18/2017,Team Freedom,Team 8,Braxis Holdout,Team Freedom,Team 8,Malfurion,Zarya,Valla,Tassadar,Lt. Morales,Auriel,Varian,Artanis,Zul'jin,Johanna,Ragnaros,Sonya,Brightwing,Lunara,Team 8,Team Freedom,210
North America,23.3,2/18/2017,Team Freedom,Team 8,Sky Temple,Team Freedom,Team 8,Varian,Tassadar,Zeratul,Dehaka,Ragnaros,E.T.C.,Malfurion,Falstad,Medivh,Li-Ming,Kharazim,Tychus,Jaina,Anub'arak,Team 8,Team Freedom,211
